column_name,row_count,non_null_count,null_count,null_pct,distinct_count
borough,2269187,1577812,691375,30.468,5
collision_id,2269187,2269187,0,0.0,2269187
contributing_factor_vehicle_1,2269187,2260985,8202,0.3615,66
contributing_factor_vehicle_2,2269187,1900607,368580,16.2428,65
contributing_factor_vehicle_3,2269187,164389,2104798,92.7556,56
contributing_factor_vehicle_4,2269187,37633,2231554,98.3416,43
contributing_factor_vehicle_5,2269187,10314,2258873,99.5455,34
crash_date,2269187,2269187,0,0.0,5094
crash_time,2269187,2269187,0,0.0,1440
cross_street_name,2269187,1399040,870147,38.3462,25404
latitude,2269187,2028381,240806,10.612,130579
location,2269187,2028381,240806,10.612,349143
longitude,2269187,2028381,240806,10.612,101321
number_of_cyclist_injured,2269187,2269187,0,0.0,5
number_of_cyclist_killed,2269187,2269187,0,0.0,3
number_of_motorist_injured,2269187,2269187,0,0.0,31
number_of_motorist_killed,2269187,2269187,0,0.0,6
number_of_pedestrians_injured,2269187,2269187,0,0.0,14
number_of_pedestrians_killed,2269187,2269187,0,0.0,6
number_of_persons_injured,2269187,2269169,18,0.0008,32
number_of_persons_killed,2269187,2260274,8913,0.3928,7
off_street_name,2269187,406805,1862382,82.0727,271300
on_street_name,2269187,1770008,499179,21.9981,23332
vehicle_type_code1,2269187,2252106,17081,0.7527,1905
vehicle_type_code2,2269187,1806080,463107,20.4085,2132
vehicle_type_code3,2269187,157833,2111354,93.0445,317
vehicle_type_code4,2269187,36244,2232943,98.4028,125
vehicle_type_code5,2269187,9988,2259199,99.5598,81
zip_code,2269187,1577526,691661,30.4806,236
