year,crashes,null_latitude,null_longitude,either_coordinate_null,zero_coordinate,outside_rough_bounds,either_null_pct,zero_coordinate_pct,outside_bounds_pct
2012,100545,15087,15087,15087,0,0,15.0052,0.0,0.0
2013,203742,31800,31800,31800,1,0,15.608,0.0005,0.0
2014,206046,33295,33295,33295,0,0,16.159,0.0,0.0
2015,217708,34714,34714,34714,2,0,15.9452,0.0009,0.0
2016,229833,37214,37214,37214,435,31,16.1918,0.1893,0.0135
2017,231007,13923,13923,13923,92,75,6.0271,0.0398,0.0325
2018,231564,15118,15118,15118,295,43,6.5286,0.1274,0.0186
2019,211486,17372,17372,17372,294,0,8.2143,0.139,0.0
2020,112918,8917,8917,8917,163,0,7.8969,0.1444,0.0
2021,110558,8788,8788,8788,874,0,7.9488,0.7905,0.0
2022,103887,8942,8942,8942,1865,0,8.6074,1.7952,0.0
2023,96607,7284,7284,7284,309,0,7.5398,0.3199,0.0
2024,91316,7096,7096,7096,528,0,7.7708,0.5782,0.0
2025,85546,928,928,928,1914,0,1.0848,2.2374,0.0
2026,36424,328,328,328,819,0,0.9005,2.2485,0.0
