year,crashes,unspecified_count,empty_count,unspecified_pct,empty_pct
2012,100545,59608,0,59.2849,0.0
2013,203742,119125,252,58.4686,0.1237
2014,206046,108559,467,52.6868,0.2266
2015,217708,97242,805,44.6663,0.3698
2016,229833,63527,724,27.6405,0.315
2017,231007,49572,685,21.4591,0.2965
2018,231564,49998,693,21.5914,0.2993
2019,211486,49112,733,23.2223,0.3466
2020,112918,29515,513,26.1384,0.4543
2021,110558,27857,532,25.1967,0.4812
2022,103887,24868,591,23.9375,0.5689
2023,96607,23030,662,23.8389,0.6853
2024,91316,22674,647,24.8303,0.7085
2025,85546,21957,662,25.6669,0.7739
2026,36424,9999,236,27.4517,0.6479
