type_code,occurrences,first_year,matched_occurrences,share_of_matched_occurrences,exact_top_spelling_undercount_pct
E-Bike,12366,2014,30490.0,40.5576,59.4424
Moped,8341,2016,30490.0,27.3565,59.4424
E-Scooter,7537,2012,30490.0,24.7196,59.4424
SCOOTER,637,2012,30490.0,2.0892,59.4424
MOPED,526,2016,30490.0,1.7252,59.4424
E-Bik,245,2017,30490.0,0.8035,59.4424
EBIK,169,2026,30490.0,0.5543,59.4424
moped,114,2017,30490.0,0.3739,59.4424
SCOOT,90,2016,30490.0,0.2952,59.4424
Scooter,74,2020,30490.0,0.2427,59.4424
scooter,39,2020,30490.0,0.1279,59.4424
scoot,37,2016,30490.0,0.1214,59.4424
E-SCOOTER,32,2020,30490.0,0.105,59.4424
E-BIK,30,2016,30490.0,0.0984,59.4424
Scoot,24,2016,30490.0,0.0787,59.4424
E-BIKE,23,2020,30490.0,0.0754,59.4424
E BIK,16,2016,30490.0,0.0525,59.4424
E-scooter,13,2020,30490.0,0.0426,59.4424
GAS SCOOTE,13,2020,30490.0,0.0426,59.4424
EBIKE,12,2016,30490.0,0.0394,59.4424
Gas Scoote,9,2020,30490.0,0.0295,59.4424
E scooter,8,2021,30490.0,0.0262,59.4424
E-bike,8,2020,30490.0,0.0262,59.4424
GAS MOPED,8,2021,30490.0,0.0262,59.4424
E SCOOTER,7,2020,30490.0,0.023,59.4424
Gas scoote,5,2021,30490.0,0.0164,59.4424
E Bik,4,2017,30490.0,0.0131,59.4424
Ebike,4,2016,30490.0,0.0131,59.4424
e-bik,4,2016,30490.0,0.0131,59.4424
e-bike,4,2020,30490.0,0.0131,59.4424
e-scooter,4,2020,30490.0,0.0131,59.4424
push scoot,4,2020,30490.0,0.0131,59.4424
E BIKE,3,2021,30490.0,0.0098,59.4424
E bike,3,2020,30490.0,0.0098,59.4424
E-bik,3,2017,30490.0,0.0098,59.4424
Gas Moped,3,2023,30490.0,0.0098,59.4424
Moped scoo,3,2021,30490.0,0.0098,59.4424
ebike,3,2017,30490.0,0.0098,59.4424
E Bike w p,2,2022,30490.0,0.0066,59.4424
E bik,2,2017,30490.0,0.0066,59.4424
LIME SCOOT,2,2024,30490.0,0.0066,59.4424
MOPED SCOO,2,2020,30490.0,0.0066,59.4424
Moped bike,2,2022,30490.0,0.0066,59.4424
Moped clas,2,2021,30490.0,0.0066,59.4424
e bik,2,2016,30490.0,0.0066,59.4424
e scooter,2,2022,30490.0,0.0066,59.4424
gas scoote,2,2021,30490.0,0.0066,59.4424
50CC SCOOT,1,2022,30490.0,0.0033,59.4424
50cc Scoot,1,2021,30490.0,0.0033,59.4424
BOOM MOPED,1,2023,30490.0,0.0033,59.4424
E - Moped,1,2025,30490.0,0.0033,59.4424
E BIKE NO,1,2025,30490.0,0.0033,59.4424
E Bike,1,2022,30490.0,0.0033,59.4424
E MOPED,1,2024,30490.0,0.0033,59.4424
E Scooter,1,2026,30490.0,0.0033,59.4424
E- SCOOTER,1,2022,30490.0,0.0033,59.4424
E-BIKE NO,1,2025,30490.0,0.0033,59.4424
Kick Scoot,1,2024,30490.0,0.0033,59.4424
Kick scoot,1,2025,30490.0,0.0033,59.4424
Lime Scoot,1,2024,30490.0,0.0033,59.4424
MOPED 150C,1,2022,30490.0,0.0033,59.4424
MOPED CLAS,1,2023,30490.0,0.0033,59.4424
MOPED GAS,1,2023,30490.0,0.0033,59.4424
MOPED GASO,1,2025,30490.0,0.0033,59.4424
MOPED/SCOO,1,2017,30490.0,0.0033,59.4424
MOTO-SCOOT,1,2023,30490.0,0.0033,59.4424
MOped,1,2021,30490.0,0.0033,59.4424
Moped Scoo,1,2020,30490.0,0.0033,59.4424
Moped elec,1,2020,30490.0,0.0033,59.4424
PUSH SCOOT,1,2020,30490.0,0.0033,59.4424
Push scoot,1,2022,30490.0,0.0033,59.4424
RED SCOOTE,1,2025,30490.0,0.0033,59.4424
Red moped,1,2023,30490.0,0.0033,59.4424
SCOOTER (G,1,2023,30490.0,0.0033,59.4424
SCOOTER BI,1,2022,30490.0,0.0033,59.4424
SCOOTER GA,1,2021,30490.0,0.0033,59.4424
SCOOTER SI,1,2023,30490.0,0.0033,59.4424
SCOOTER/MO,1,2023,30490.0,0.0033,59.4424
SCOOTOR,1,2025,30490.0,0.0033,59.4424
Scooter ga,1,2023,30490.0,0.0033,59.4424
Scooter no,1,2021,30490.0,0.0033,59.4424
Scooter w,1,2026,30490.0,0.0033,59.4424
Scooter/Mo,1,2023,30490.0,0.0033,59.4424
bmw moped,1,2020,30490.0,0.0033,59.4424
e BIK,1,2018,30490.0,0.0033,59.4424
e bike,1,2026,30490.0,0.0033,59.4424
e bike uni,1,2022,30490.0,0.0033,59.4424
e-BIK,1,2019,30490.0,0.0033,59.4424
e-BIKE,1,2022,30490.0,0.0033,59.4424
gas moped,1,2023,30490.0,0.0033,59.4424
kick scoot,1,2021,30490.0,0.0033,59.4424
moped scoo,1,2024,30490.0,0.0033,59.4424
scooter ga,1,2021,30490.0,0.0033,59.4424
uni e-bike,1,2021,30490.0,0.0033,59.4424
